date,open,high,close,low,volume,price_change,p_change,ma5,ma10,ma20,v_ma5,v_ma10,v_ma20
2020-05-29,3.29,3.3,3.29,3.27,156915.2,-0.01,-0.3,3.346,3.378,3.431,167866.34,217498.07,372047.07
2020-05-28,3.34,3.35,3.3,3.28,204557.64,-0.02,-0.6,3.356,3.392,3.427,185761.87,242014.58,375828.67
2020-05-27,3.38,3.42,3.42,3.35,186531.98,0.04,1.18,3.378,3.411,3.425,189870.87,293343.29,371712.19
2020-05-26,3.34,3.39,3.38,3.34,154991.12,0.04,1.2,3.38,3.435,3.419,197537.13,400424.22,367560.52
2020-05-25,3.33,3.37,3.34,3.31,136335.77,0.0,0.0,3.392,3.467,3.417,214201.44,440619.72,364291.66
2020-05-22,3.4,3.42,3.34,3.32,246392.84,-0.07,-2.05,3.41,3.499,3.416,267129.79,510963.56,361992.68
2020-05-21,3.44,3.47,3.41,3.4,225102.64,-0.02,-0.58,3.428,3.535,3.417,298267.28,572277.72,354560.38
2020-05-20,3.47,3.47,3.43,3.41,224863.28,-0.01,-0.29,3.444,3.53,3.416,396815.72,568841.05,349348.25
2020-05-19,3.46,3.48,3.44,3.43,238312.66,0.01,0.29,3.49,3.522,3.412,603311.31,571504.95,344251.39
2020-05-18,3.46,3.52,3.43,3.41,400977.53,0.0,0.0,3.542,3.506,3.409,667037.99,558543.61,342468.6
2020-05-15,3.5,3.51,3.43,3.42,402080.31,-0.06,-1.72,3.588,3.484,3.405,754797.32,526596.08,328238.75
2020-05-14,3.61,3.64,3.49,3.49,717844.81,-0.17,-4.64,3.642,3.461,3.4,846288.16,509642.76,315727.97
2020-05-13,3.71,3.85,3.66,3.66,1257341.25,-0.04,-1.08,3.616,3.439,3.391,740866.38,450081.09,285074.88
2020-05-12,3.66,3.74,3.7,3.64,556946.06,0.04,1.09,3.554,3.403,3.374,539698.59,334696.82,226828.25
2020-05-11,3.75,3.76,3.66,3.61,839774.19,-0.04,-1.08,3.47,3.366,3.356,450049.22,287963.61,203359.35
2020-05-08,3.39,3.7,3.7,3.39,859534.5,0.34,10.12,3.38,3.333,3.34,298394.83,213021.79,167960.43
2020-05-07,3.37,3.39,3.36,3.35,190735.92,0.01,0.3,3.28,3.298,3.322,172997.36,136843.04,134610.37
2020-05-06,3.27,3.38,3.35,3.26,251502.28,0.07,2.13,3.262,3.301,3.318,159295.79,129855.45,130362.84
2020-04-30,3.21,3.29,3.28,3.2,108699.21,0.07,2.18,3.252,3.302,3.315,129695.05,116997.82,125484.59
2020-04-29,3.19,3.22,3.21,3.17,81502.24,0.01,0.31,3.262,3.312,3.314,125878.01,126393.59,126402.63
2020-04-28,3.27,3.29,3.2,3.16,232547.16,-0.07,-2.14,3.286,3.325,3.315,127648.76,129881.42,131782.37
2020-04-27,3.3,3.31,3.27,3.26,122228.04,-0.03,-0.91,3.316,3.338,3.319,100688.73,121813.18,127584.51
2020-04-24,3.33,3.33,3.3,3.28,103498.59,-0.03,-0.9,3.34,3.342,3.321,100415.11,120068.67,130132.66
2020-04-23,3.34,3.35,3.33,3.32,89614.0,0.0,0.0,3.352,3.345,3.32,104300.59,118959.68,131208.91
2020-04-22,3.33,3.34,3.33,3.31,90356.0,-0.02,-0.6,3.362,3.346,3.32,126909.18,118755.08,133961.85
2020-04-21,3.37,3.38,3.35,3.32,97747.0,-0.04,-1.18,3.364,3.347,3.317,132114.08,122899.08,138122.54
2020-04-20,3.36,3.39,3.39,3.34,120859.95,0.03,0.89,3.36,3.346,3.312,142937.63,132377.7,143135.39
2020-04-17,3.4,3.4,3.36,3.34,122926.01,-0.02,-0.59,3.344,3.334,3.308,139722.23,130870.22,146958.93
2020-04-16,3.34,3.39,3.38,3.31,202656.94,0.04,1.2,3.338,3.328,3.308,133618.77,133971.35,152148.85
2020-04-15,3.35,3.35,3.34,3.32,116380.5,0.01,0.3,3.33,3.315,3.306,110600.98,126411.66,152089.37
2020-04-14,3.32,3.35,3.33,3.32,151864.77,0.02,0.6,3.33,3.305,3.307,113684.07,133683.32,156935.79
2020-04-13,3.33,3.33,3.31,3.3,104782.91,-0.02,-0.6,3.332,3.299,3.311,121817.77,133355.84,163105.38
2020-04-10,3.34,3.35,3.33,3.31,92408.72,-0.01,-0.3,3.324,3.3,3.32,122018.22,140196.64,172658.96
2020-04-09,3.35,3.36,3.34,3.34,87568.01,0.0,0.0,3.318,3.295,3.331,134323.94,143458.13,177520.32
2020-04-08,3.32,3.35,3.34,3.31,131795.94,0.0,0.0,3.3,3.293,3.345,142222.34,149168.62,185408.14
2020-04-07,3.32,3.34,3.34,3.3,192533.28,0.07,2.14,3.28,3.287,3.359,153682.56,153346.01,192171.5
2020-04-03,3.3,3.31,3.27,3.26,105785.16,-0.03,-0.91,3.266,3.277,3.371,144893.9,153893.08,197435.37
2020-04-02,3.24,3.31,3.3,3.23,153937.31,0.05,1.54,3.276,3.282,3.394,158375.07,163047.64,206170.18
2020-04-01,3.23,3.28,3.25,3.23,127060.02,0.01,0.31,3.272,3.287,3.418,152592.32,170326.35,220078.76
2020-03-31,3.29,3.31,3.24,3.23,189097.05,-0.03,-0.92,3.286,3.296,3.441,156114.89,177767.08,228912.86
2020-03-30,3.29,3.3,3.27,3.25,148589.95,-0.05,-1.51,3.294,3.309,3.462,153009.45,180188.27,237455.76
2020-03-27,3.3,3.35,3.32,3.29,173191.0,0.04,1.22,3.288,3.323,3.481,162892.25,192854.93,249025.9
2020-03-26,3.32,3.32,3.28,3.28,125023.6,-0.04,-1.21,3.288,3.34,3.491,167720.21,205121.28,259891.57
2020-03-25,3.35,3.35,3.32,3.3,144672.84,0.04,1.22,3.302,3.367,3.51,188060.37,211582.5,267334.51
2020-03-24,3.28,3.32,3.28,3.23,173569.88,0.04,1.24,3.306,3.396,3.527,199419.27,221647.66,285236.14
2020-03-23,3.29,3.3,3.24,3.24,198003.94,-0.08,-2.41,3.324,3.43,3.544,207367.08,230996.99,294272.09
2020-03-20,3.37,3.39,3.32,3.32,197330.77,-0.03,-0.9,3.358,3.465,3.567,222817.61,240977.66,303534.37
2020-03-19,3.34,3.38,3.35,3.28,226724.41,0.01,0.3,3.392,3.505,3.585,242522.35,249292.73,312167.88
2020-03-18,3.4,3.42,3.34,3.32,201467.34,-0.03,-0.89,3.432,3.549,3.598,235104.63,269831.17,314715.96
2020-03-17,3.41,3.45,3.37,3.32,213308.92,-0.04,-1.17,3.486,3.586,3.609,243876.06,280058.64,315582.61
2020-03-16,3.51,3.53,3.41,3.37,275256.59,-0.08,-2.29,3.536,3.615,3.619,254626.91,294723.25,319088.76
2020-03-13,3.39,3.53,3.49,3.36,295854.47,-0.06,-1.69,3.572,3.639,3.627,259137.71,305196.86,320900.97
2020-03-12,3.58,3.6,3.55,3.53,189635.84,-0.06,-1.66,3.618,3.642,3.628,256063.11,314661.87,314422.32
2020-03-11,3.63,3.66,3.61,3.6,245324.48,-0.01,-0.28,3.666,3.652,3.625,304557.71,323086.51,315839.87
2020-03-10,3.52,3.68,3.62,3.52,267063.16,0.03,0.84,3.686,3.657,3.622,316241.22,348824.61,316209.74
2020-03-09,3.68,3.68,3.59,3.58,297810.62,-0.13,-3.5,3.694,3.658,3.618,334819.6,357547.18,324453.02
2020-03-06,3.76,3.76,3.72,3.7,280481.47,-0.07,-1.85,3.706,3.669,3.612,351256.01,366091.08,323891.14
2020-03-05,3.73,3.8,3.79,3.72,432108.81,0.08,2.16,3.666,3.665,3.596,373260.63,375043.03,321868.76
2020-03-04,3.66,3.71,3.71,3.62,303742.06,0.05,1.37,3.638,3.647,3.578,341615.31,359600.74,316138.23
2020-03-03,3.7,3.72,3.66,3.62,359955.03,0.01,0.27,3.628,3.631,3.563,381407.99,351106.59,316442.78
2020-03-02,3.51,3.69,3.65,3.51,379992.69,0.13,3.69,3.622,3.622,3.549,380274.77,343454.26,321436.99
2020-02-28,3.59,3.6,3.52,3.49,390504.56,-0.13,-3.56,3.632,3.615,3.54,380926.14,336605.07,310316.41
2020-02-27,3.66,3.7,3.65,3.64,273882.22,-0.01,-0.27,3.664,3.614,3.556,376825.42,314182.76,303023.29
2020-02-26,3.55,3.73,3.66,3.55,502705.47,0.03,0.83,3.656,3.598,3.571,377586.17,308593.23,297784.18
2020-02-25,3.6,3.64,3.63,3.55,354288.91,-0.07,-1.89,3.634,3.587,3.585,320805.18,283594.88,282901.51
2020-02-24,3.66,3.74,3.7,3.65,383249.53,0.02,0.54,3.622,3.577,3.605,306633.74,291358.85,273944.71
2020-02-21,3.6,3.69,3.68,3.58,370000.97,0.07,1.94,3.598,3.554,3.622,292284.0,281691.2,258822.87
2020-02-20,3.56,3.62,3.61,3.55,277685.97,0.06,1.69,3.564,3.527,3.64,251540.11,268694.49,246835.7
2020-02-19,3.56,3.58,3.55,3.54,218800.5,-0.02,-0.56,3.54,3.508,3.662,239600.29,272675.72,241886.2
2020-02-18,3.58,3.6,3.57,3.55,283431.75,-0.01,-0.28,3.54,3.494,3.69,246384.58,281778.98,238616.6
2020-02-17,3.5,3.59,3.58,3.49,311500.81,0.07,1.99,3.532,3.475,3.718,276083.95,299419.73,232749.07
2020-02-14,3.48,3.52,3.51,3.47,166281.5,0.02,0.57,3.51,3.464,3.745,271098.4,284027.75,225662.91
2020-02-13,3.55,3.56,3.49,3.48,217986.88,-0.06,-1.69,3.49,3.498,3.776,285848.87,291863.82,227148.5
2020-02-12,3.52,3.55,3.55,3.47,252721.95,0.02,0.57,3.476,3.543,3.806,305751.16,286975.14,232632.12
2020-02-11,3.47,3.71,3.53,3.47,431928.62,0.06,1.73,3.448,3.583,3.838,317173.37,282208.14,241169.71
2020-02-10,3.39,3.47,3.47,3.37,286573.03,0.06,1.76,3.418,3.633,3.867,322755.51,256530.57,231294.45
2020-02-07,3.42,3.42,3.41,3.37,240033.88,-0.01,-0.29,3.418,3.69,3.899,296957.11,235954.53,227278.14
2020-02-06,3.42,3.43,3.42,3.36,317498.31,0.01,0.29,3.506,3.752,3.936,297878.77,224976.9,230540.76
2020-02-05,3.4,3.46,3.41,3.37,309833.03,0.03,0.89,3.61,3.816,3.97,268199.11,211096.68,225032.77
2020-02-04,3.17,3.48,3.38,3.17,459839.31,-0.09,-2.59,3.718,3.886,4.003,247242.91,195454.23,218365.07
2020-02-03,3.47,3.47,3.47,3.47,157581.0,-0.38,-9.87,3.848,3.96,4.035,190305.62,166078.41,205644.25
2020-01-23,3.9,3.93,3.85,3.83,244642.22,-0.09,-2.28,3.962,4.025,4.062,174951.96,167298.07,202886.21
2020-01-22,3.93,3.96,3.94,3.87,169100.0,-0.01,-0.25,3.998,4.053,4.068,152075.03,162433.18,195304.87
2020-01-21,4.02,4.03,3.95,3.94,205052.0,-0.08,-1.99,4.022,4.068,4.07,153994.24,178289.1,191451.7
2020-01-20,4.04,4.05,4.03,4.01,175152.88,-0.01,-0.25,4.054,4.093,4.07,143665.55,200131.28,190670.73
2020-01-17,4.04,4.06,4.04,4.03,80812.69,0.01,0.25,4.072,4.1,4.07,141851.19,206058.34,189466.5
2020-01-16,4.07,4.07,4.03,4.02,130257.6,-0.03,-0.74,4.088,4.108,4.072,159644.18,218601.74,192073.99
2020-01-15,4.1,4.11,4.06,4.05,178696.05,-0.05,-1.22,4.108,4.12,4.075,172791.33,236104.62,194822.44
2020-01-14,4.11,4.14,4.11,4.11,153408.55,-0.01,-0.24,4.114,4.123,4.077,202583.95,238968.86,199523.88
2020-01-13,4.11,4.12,4.12,4.08,166081.08,0.0,0.0,4.132,4.119,4.075,256597.0,241275.92,200576.11
2020-01-10,4.15,4.15,4.12,4.09,169777.62,-0.01,-0.24,4.128,4.11,4.069,270265.49,245210.1,210141.94
2020-01-09,4.13,4.15,4.13,4.1,195993.34,0.04,0.98,4.128,4.098,4.063,277559.3,238474.35,210826.94
2020-01-08,4.18,4.18,4.09,4.08,327659.16,-0.11,-2.62,4.132,4.082,4.06,299417.92,228176.57,211098.68
2020-01-07,4.1,4.23,4.2,4.09,423473.81,0.1,2.44,4.132,4.072,4.058,275353.77,204614.31,200835.87
2020-01-06,4.09,4.14,4.1,4.07,234423.5,-0.02,-0.48,4.106,4.047,4.051,225954.84,181210.18,190180.71
2020-01-03,4.14,4.15,4.12,4.1,206246.7,-0.03,-0.72,4.092,4.04,4.048,220154.7,172874.66,184748.84
2020-01-02,4.11,4.16,4.15,4.11,305286.41,0.06,1.47,4.068,4.035,4.042,199389.4,165546.24,181146.16
2019-12-31,4.08,4.1,4.09,4.05,207338.45,0.02,0.49,4.032,4.029,4.034,156935.21,153540.26,173962.95
2019-12-30,4.03,4.08,4.07,4.01,176479.12,0.04,0.99,4.012,4.03,4.028,133874.84,160078.9,168148.29
2019-12-27,4.0,4.07,4.03,3.99,205422.84,0.03,0.75,3.988,4.03,4.021,136465.53,159876.3,164348.76
2019-12-26,3.97,4.0,4.0,3.97,102420.16,0.03,0.76,3.988,4.028,4.016,125594.61,175073.79,159546.73
2019-12-25,3.99,4.0,3.97,3.96,93015.5,-0.02,-0.5,4.002,4.028,4.012,131703.08,183179.54,163309.22
2019-12-24,3.96,4.0,3.99,3.95,92036.58,0.04,1.01,4.026,4.037,4.011,150145.31,194020.79,170638.97
2019-12-23,4.02,4.04,3.95,3.94,189432.56,-0.08,-1.99,4.048,4.043,4.012,186282.96,197057.44,190244.62
2019-12-20,4.08,4.1,4.03,4.03,151068.27,-0.04,-0.98,4.072,4.054,4.019,183287.07,199151.24,214782.48
2019-12-19,4.08,4.09,4.07,4.06,132962.47,-0.02,-0.49,4.068,4.055,4.015,224552.96,196623.02,222355.69
2019-12-18,4.11,4.11,4.09,4.05,185226.69,-0.01,-0.24,4.054,4.049,4.007,234656.0,196746.08,222711.52
2019-12-17,4.07,4.12,4.1,4.04,272724.81,0.03,0.74,4.048,4.039,3.995,237896.27,194385.63,218805.39
2019-12-16,4.04,4.07,4.07,4.03,174453.12,0.06,1.5,4.038,4.025,3.985,207831.92,176217.68,213225.46
2019-12-13,4.02,4.08,4.01,4.01,357397.69,0.01,0.25,4.036,4.012,3.976,215015.4,168821.23,216296.5
2019-12-12,4.05,4.05,4.0,3.98,183477.69,-0.06,-1.48,4.042,4.004,3.965,168693.09,144019.68,205027.18
2019-12-11,4.05,4.09,4.06,4.03,201428.06,0.01,0.25,4.044,3.995,3.955,158836.15,143438.91,199887.4
2019-12-10,4.06,4.07,4.05,4.03,122403.06,-0.01,-0.25,4.03,3.985,3.942,150874.98,147257.14,194303.56
2019-12-09,4.04,4.1,4.06,4.02,210370.52,0.02,0.49,4.012,3.98,3.929,144603.43,183431.79,192302.78
2019-12-06,3.99,4.04,4.04,3.98,125786.12,0.03,0.75,3.988,3.984,3.916,122627.05,230413.72,187441.85
2019-12-05,4.01,4.01,4.01,3.97,134193.0,0.02,0.5,3.966,3.975,3.906,119346.27,248088.36,187265.29
2019-12-04,3.94,4.01,3.99,3.93,161622.19,0.03,0.76,3.946,3.965,3.897,128041.66,248676.96,184841.4
2019-12-03,3.94,3.96,3.96,3.91,91045.33,0.02,0.51,3.94,3.951,3.891,143639.31,243225.16,185172.72
2019-12-02,3.92,3.95,3.94,3.91,100488.59,0.01,0.25,3.948,3.944,3.885,222260.15,250233.23,186103.96
2019-11-29,3.9,3.94,3.93,3.89,109382.26,0.02,0.51,3.98,3.939,3.879,338200.39,263771.78,186144.29
2019-11-28,3.97,3.97,3.91,3.89,177669.94,-0.05,-1.26,3.984,3.925,3.872,376830.44,266034.69,185199.68
2019-11-27,4.02,4.02,3.96,3.94,239610.41,-0.04,-1.0,3.984,3.915,3.864,369312.27,256335.89,181363.04
2019-11-26,4.05,4.06,4.0,4.0,484149.53,-0.1,-2.44,3.962,3.898,3.856,342811.01,241349.98,174490.89
2019-11-25,3.97,4.15,4.1,3.96,680189.81,0.15,3.8,3.94,3.878,3.846,278206.32,201173.77,156746.27
2019-11-22,3.91,3.96,3.95,3.88,302532.53,0.04,1.02,3.898,3.847,3.834,189343.17,144469.99,128814.74
2019-11-21,3.85,3.93,3.91,3.84,140079.05,0.06,1.56,3.866,3.837,3.827,155238.93,126442.23,118462.12
2019-11-20,3.9,3.9,3.85,3.85,107104.12,-0.04,-1.03,3.846,3.829,3.823,143359.52,121005.83,118308.89
2019-11-19,3.88,3.9,3.89,3.85,161126.08,0.0,0.0,3.834,3.83,3.821,139888.95,127120.29,117698.05
2019-11-18,3.79,3.93,3.89,3.79,235874.09,0.1,2.64,3.816,3.825,3.819,124141.22,121974.69,113500.2
2019-11-15,3.8,3.85,3.79,3.79,132011.31,-0.02,-0.53,3.796,3.818,3.815,99596.8,108516.8,106384.71
2019-11-14,3.78,3.82,3.81,3.77,80681.98,0.02,0.53,3.808,3.818,3.817,97645.53,104364.68,105611.1
2019-11-13,3.8,3.8,3.79,3.77,89751.31,-0.01,-0.26,3.812,3.813,3.821,98652.14,106390.2,105967.71
2019-11-12,3.78,3.8,3.8,3.76,82387.43,0.01,0.26,3.826,3.813,3.827,114351.63,107631.8,108270.76
2019-11-11,3.84,3.84,3.79,3.76,113151.96,-0.06,-1.56,3.834,3.814,3.834,119808.15,112318.76,113812.51
2019-11-08,3.86,3.88,3.85,3.82,122254.96,0.02,0.52,3.84,3.82,3.845,117436.79,113159.5,118631.55
2019-11-07,3.86,3.87,3.83,3.83,85715.05,-0.03,-0.78,3.828,3.817,3.848,111083.82,110482.01,117813.98
2019-11-06,3.83,3.89,3.86,3.82,168248.73,0.02,0.52,3.814,3.816,3.852,114128.25,115611.95,118977.45
2019-11-05,3.83,3.85,3.84,3.8,109670.05,0.02,0.52,3.8,3.812,3.852,100911.97,108275.82,114728.32
2019-11-04,3.79,3.84,3.82,3.79,101295.17,0.03,0.79,3.794,3.812,3.853,104829.38,105025.71,114498.92
2019-11-01,3.76,3.8,3.79,3.73,90490.11,0.03,0.8,3.8,3.811,3.854,108882.21,104252.63,114814.88
2019-10-31,3.77,3.79,3.76,3.74,100937.2,-0.03,-0.79,3.806,3.815,3.856,109880.19,106857.53,117302.45
2019-10-30,3.82,3.82,3.79,3.77,102167.31,-0.02,-0.53,3.818,3.828,3.859,117095.64,105545.21,121087.7
2019-10-29,3.85,3.86,3.81,3.81,129257.09,-0.04,-1.04,3.824,3.84,3.864,115639.66,108909.73,123290.99
2019-10-28,3.81,3.85,3.85,3.8,121559.35,0.03,0.79,3.83,3.853,3.871,105222.05,115306.27,122648.49
2019-10-25,3.82,3.83,3.82,3.78,95480.0,0.0,0.0,3.822,3.87,3.877,99623.05,124103.6,122189.48
2019-10-24,3.83,3.85,3.82,3.8,137014.45,0.0,0.0,3.824,3.879,3.885,103834.88,125145.95,125009.26
2019-10-23,3.83,3.84,3.82,3.8,94887.43,-0.02,-0.52,3.838,3.888,3.894,93994.79,122342.95,126591.61
2019-10-22,3.8,3.84,3.84,3.8,77169.03,0.03,0.79,3.856,3.892,3.904,102179.8,121180.82,128039.32
2019-10-21,3.82,3.83,3.81,3.78,93564.33,-0.02,-0.52,3.876,3.893,3.912,125390.48,123972.13,137618.94
2019-10-18,3.9,3.92,3.83,3.82,116539.15,-0.06,-1.54,3.918,3.896,3.927,148584.14,125377.14,143382.53
2019-10-17,3.92,3.93,3.89,3.88,87814.0,-0.02,-0.51,3.934,3.896,3.941,146457.02,127747.37,145751.63
2019-10-16,3.94,3.97,3.91,3.91,135812.47,-0.03,-0.76,3.938,3.889,3.951,150691.12,136630.2,151142.35
2019-10-15,3.99,3.99,3.94,3.93,193222.44,-0.08,-1.99,3.928,3.888,3.961,140181.84,137672.26,156029.23
2019-10-14,3.93,4.03,4.02,3.93,209532.66,0.11,2.81,3.91,3.889,3.969,122553.77,129990.71,155357.55
2019-10-11,3.9,3.92,3.91,3.88,105903.51,0.0,0.0,3.874,3.883,3.971,102170.13,120275.37,158362.17
2019-10-10,3.85,3.91,3.91,3.85,108984.52,0.05,1.29,3.858,3.89,3.98,109037.72,124872.57,176430.12
2019-10-09,3.84,3.86,3.86,3.82,83266.08,0.01,0.26,3.84,3.9,3.991,122569.27,130840.26,197627.47
2019-10-08,3.84,3.87,3.85,3.82,105082.09,0.01,0.26,3.848,3.915,4.003,135162.67,134897.82,227542.09
2019-09-30,3.85,3.86,3.84,3.82,107614.47,0.01,0.26,3.868,3.93,4.008,137427.66,151265.76,246022.48
2019-09-27,3.82,3.85,3.83,3.81,140241.44,0.01,0.26,3.892,3.957,4.003,138380.6,161387.93,245510.45
2019-09-26,3.9,3.91,3.82,3.81,176642.27,-0.08,-2.05,3.922,3.986,4.001,140707.41,163755.89,242727.27
2019-09-25,3.95,3.95,3.9,3.89,146233.09,-0.05,-1.27,3.96,4.013,4.0,139111.25,165654.51,240467.73
2019-09-24,3.96,3.98,3.95,3.93,116407.01,-0.01,-0.25,3.982,4.034,3.995,134632.96,174386.21,239754.91
2019-09-23,3.99,3.99,3.96,3.92,112379.18,-0.02,-0.5,3.992,4.048,3.984,165103.87,180724.38,241497.13
2019-09-20,4.02,4.03,3.98,3.97,151875.5,-0.03,-0.75,4.022,4.058,3.977,184395.26,196448.97,240284.2
2019-09-19,4.02,4.05,4.01,3.97,168661.48,0.0,0.0,4.05,4.069,3.97,186804.37,227987.68,236101.94
2019-09-18,4.02,4.03,4.01,3.99,123841.65,0.01,0.25,4.066,4.082,3.961,192197.77,264414.68,232694.58
2019-09-17,4.1,4.11,4.0,3.98,268761.53,-0.11,-2.68,4.086,4.091,3.953,214139.45,320186.37,233814.24
2019-09-16,4.1,4.14,4.11,4.1,208836.14,-0.01,-0.24,4.104,4.085,3.945,196344.89,340779.19,228276.34
2019-09-12,4.1,4.12,4.12,4.08,163921.06,0.03,0.73,4.094,4.049,3.928,208502.68,329632.96,221962.06
2019-09-11,4.11,4.13,4.09,4.07,195628.48,-0.02,-0.49,4.088,4.015,3.91,269170.99,321698.66,219882.46
2019-09-10,4.1,4.13,4.11,4.09,233550.05,0.02,0.49,4.098,3.986,3.894,336631.6,315280.95,214606.67
2019-09-09,4.1,4.12,4.09,4.06,179788.72,0.03,0.74,4.096,3.955,3.877,426233.29,305123.62,206629.28
2019-09-06,4.11,4.12,4.06,4.03,269625.09,-0.03,-0.73,4.066,3.92,3.863,485213.49,302269.88,203087.19
2019-09-05,4.15,4.19,4.09,4.08,467262.62,-0.05,-1.21,4.004,3.895,3.85,450763.24,284119.42,197198.48
2019-09-04,4.07,4.14,4.14,4.03,532931.5,0.04,0.98,3.942,3.87,3.835,374226.32,244216.21,179117.23
2019-09-03,4.0,4.16,4.1,3.98,681558.5,0.16,4.06,3.874,3.839,3.815,293930.31,200974.47,157775.96
2019-09-02,3.81,4.0,3.94,3.81,474689.75,0.19,5.07,3.814,3.814,3.797,184013.94,147442.12,139612.26
2019-08-30,3.81,3.81,3.75,3.74,97373.85,-0.03,-0.79,3.774,3.804,3.794,119326.27,115773.49,123776.45
2019-08-29,3.81,3.81,3.78,3.77,84578.0,-0.02,-0.53,3.786,3.806,3.803,117475.6,114291.15,130503.1
2019-08-28,3.8,3.81,3.8,3.76,131451.45,0.0,0.0,3.798,3.805,3.813,114206.09,118066.25,133571.27
2019-08-27,3.75,3.8,3.8,3.75,131976.67,0.06,1.6,3.804,3.802,3.824,108018.62,113932.39,134312.14
2019-08-26,3.72,3.75,3.74,3.7,151251.38,-0.07,-1.84,3.814,3.799,3.839,110870.29,108134.95,134315.66
2019-08-23,3.84,3.84,3.81,3.79,88120.5,-0.03,-0.78,3.834,3.806,3.856,112220.71,103904.5,131716.2
2019-08-22,3.84,3.85,3.84,3.82,68230.46,0.01,0.26,3.826,3.805,3.87,111106.71,110277.54,135590.84
2019-08-21,3.83,3.86,3.83,3.82,100514.1,-0.02,-0.52,3.812,3.799,3.884,121926.42,114018.25,138331.59
2019-08-20,3.84,3.9,3.85,3.83,146235.0,0.01,0.26,3.8,3.79,3.898,119846.15,114577.45,144360.85
2019-08-19,3.78,3.85,3.84,3.77,158003.48,0.07,1.86,3.784,3.779,3.912,105399.61,131782.41,149574.54
2019-08-16,3.76,3.79,3.77,3.75,82550.5,0.0,0.0,3.778,3.784,3.927,95588.29,131779.4,156192.79
2019-08-15,3.72,3.8,3.77,3.67,122329.0,0.0,0.0,3.784,3.799,3.944,109448.37,146715.05,165690.55
2019-08-14,3.8,3.82,3.77,3.77,90112.79,0.0,0.0,3.786,3.821,3.96,106110.09,149076.28,168789.45
2019-08-13,3.78,3.78,3.77,3.75,74002.26,-0.04,-1.05,3.78,3.846,3.976,109308.74,154691.9,175334.51
2019-08-12,3.81,3.81,3.81,3.73,108946.9,0.01,0.26,3.774,3.878,3.99,158165.22,160496.36,181056.59
2019-08-09,3.82,3.85,3.8,3.76,151850.91,0.02,0.53,3.79,3.906,4.001,167970.52,159527.9,182585.89
2019-08-08,3.77,3.79,3.78,3.76,105637.59,0.04,1.07,3.814,3.935,4.01,183981.72,160904.15,180103.48
2019-08-07,3.77,3.78,3.74,3.74,106106.06,0.0,0.0,3.856,3.968,4.021,192042.46,162644.93,181341.8
2019-08-06,3.85,3.85,3.74,3.66,318284.62,-0.15,-3.86,3.912,4.006,4.034,200075.05,174144.25,180938.94
2019-08-05,3.9,3.92,3.89,3.89,157973.41,-0.03,-0.77,3.982,4.044,4.05,162827.51,167366.68,169918.86
2019-08-02,3.94,3.96,3.92,3.9,231906.91,-0.07,-1.75,4.022,4.069,4.057,151085.28,180606.17,170544.6
2019-08-01,4.01,4.02,3.99,3.97,145941.31,-0.03,-0.75,4.056,4.089,4.068,137826.58,184666.05,163624.87
2019-07-31,4.07,4.08,4.02,4.02,146269.02,-0.07,-1.71,4.08,4.098,4.075,133247.4,188502.62,161149.76
2019-07-30,4.08,4.11,4.09,4.07,132046.91,0.0,0.0,4.1,4.105,4.08,148213.44,195977.12,159658.38
2019-07-29,4.1,4.11,4.09,4.07,99262.26,0.0,0.0,4.106,4.102,4.083,171905.84,201616.82,162150.4
2019-07-26,4.1,4.13,4.09,4.06,165613.38,-0.02,-0.49,4.116,4.095,4.086,210127.06,205643.88,169672.86
2019-07-25,4.12,4.12,4.11,4.09,123045.44,-0.01,-0.24,4.122,4.085,4.085,231505.52,199302.82,168586.15
2019-07-24,4.12,4.16,4.12,4.11,221099.19,0.0,0.0,4.116,4.073,4.086,243757.84,200038.67,171318.87
2019-07-23,4.17,4.19,4.12,4.1,250508.92,-0.02,-0.48,4.11,4.062,4.085,243740.81,187733.64,167078.26
2019-07-22,4.12,4.18,4.14,4.02,290368.38,0.02,0.48,4.098,4.055,4.085,231327.81,172471.05,167577.6
2019-07-19,4.11,4.16,4.12,4.11,272505.69,0.04,0.98,4.074,4.045,4.087,201160.7,160483.02,177402.62
2019-07-18,4.08,4.11,4.08,4.06,184307.02,-0.01,-0.24,4.048,4.047,4.085,167100.11,142583.68,178569.08
2019-07-17,4.09,4.13,4.09,4.07,221014.02,0.03,0.74,4.03,4.052,4.083,156319.49,133796.89,182195.73
2019-07-16,4.02,4.09,4.06,4.0,188443.92,0.04,0.99,4.014,4.055,4.078,131726.47,123339.63,179310.73
2019-07-15,3.99,4.03,4.02,3.93,139532.84,0.03,0.75,4.012,4.064,4.073,113614.29,122683.98,175251.71
2019-07-12,4.0,4.0,3.99,3.96,102202.76,0.0,0.0,4.016,4.077,4.071,119805.34,133701.84,173958.89
2019-07-11,4.01,4.05,3.99,3.97,130403.92,-0.02,-0.5,4.046,4.085,4.07,118067.25,137869.48,175907.79
2019-07-10,4.05,4.07,4.01,3.99,98048.93,-0.04,-0.99,4.074,4.098,4.071,111274.29,142599.07,176584.17
2019-07-09,4.04,4.06,4.05,4.02,97883.0,0.01,0.25,4.096,4.108,4.071,114952.79,146422.87,182478.4
2019-07-08,4.14,4.14,4.04,4.03,170488.08,-0.1,-2.42,4.116,4.115,4.072,131753.67,162684.16,194624.36
2019-07-05,4.13,4.15,4.14,4.11,93512.31,0.01,0.24,4.138,4.129,4.066,147598.34,194322.21,194806.73
2019-07-04,4.12,4.14,4.13,4.11,96439.12,0.01,0.24,4.124,4.123,4.054,157671.72,214554.47,205877.27
2019-07-03,4.14,4.15,4.12,4.1,116441.42,-0.03,-0.72,4.122,4.114,4.048,173923.85,230594.57,214241.75
2019-07-02,4.14,4.16,4.15,4.12,181887.41,0.0,0.0,4.12,4.1,4.044,177892.95,235281.83,217413.02
2019-07-01,4.12,4.16,4.15,4.11,249711.44,0.08,1.97,4.114,4.081,4.041,193614.65,227819.44,216901.32
2019-06-28,4.12,4.12,4.07,4.04,143879.2,-0.05,-1.21,4.12,4.064,4.045,241046.08,214215.93,212094.73
2019-06-27,4.12,4.15,4.12,4.1,177699.8,0.01,0.24,4.122,4.054,4.052,271437.23,213946.09,212713.82
2019-06-26,4.1,4.12,4.11,4.08,136286.92,-0.01,-0.24,4.106,4.043,4.057,287265.28,210569.27,212286.08
2019-06-25,4.18,4.18,4.12,4.07,260495.91,-0.06,-1.44,4.08,4.034,4.063,292670.7,218533.94,217218.03
2019-06-24,4.09,4.24,4.18,4.09,486868.59,0.1,2.45,4.048,4.028,4.068,262024.22,226564.56,213897.95
2019-06-21,4.05,4.1,4.08,4.04,295834.91,0.04,0.99,4.008,4.002,4.067,187385.78,195291.25,196258.94
2019-06-20,3.98,4.06,4.04,3.97,256840.08,0.06,1.51,3.986,3.984,4.071,156454.96,197200.06,191356.34
2019-06-19,4.03,4.05,3.98,3.98,163314.02,0.02,0.51,3.98,3.981,4.079,133873.25,197888.92,187195.1
2019-06-18,3.98,3.99,3.96,3.95,107263.5,-0.02,-0.5,3.988,3.987,4.091,144397.17,199544.22,189031.07
2019-06-17,3.97,4.0,3.98,3.95,113676.39,0.01,0.25,4.008,4.001,4.101,191104.89,205983.21,193933.65
2019-06-14,4.03,4.03,3.97,3.96,141180.8,-0.04,-1.0,3.996,4.025,4.111,203196.72,209973.54,201993.09
2019-06-13,4.03,4.04,4.01,3.98,143931.55,-0.01,-0.25,3.982,4.05,4.128,237945.16,211481.56,209694.2
2019-06-12,4.04,4.08,4.02,4.02,215933.62,-0.04,-0.98,3.982,4.071,4.139,261904.59,214002.89,212244.92
2019-06-11,3.93,4.07,4.06,3.92,340802.09,0.14,3.57,3.986,4.092,4.147,254691.27,215902.12,212213.27
2019-06-10,3.9,3.94,3.92,3.88,174135.56,0.02,0.51,3.994,4.108,4.155,220861.52,201231.34,203025.53
2019-06-06,4.02,4.02,3.9,3.89,314923.0,-0.11,-2.74,4.054,4.131,4.173,216750.35,197226.63,209421.74
2019-06-05,4.07,4.08,4.01,4.0,263728.69,-0.03,-0.74,4.118,4.157,4.188,185017.95,185512.63,203134.18
2019-06-04,4.11,4.11,4.04,4.02,179867.0,-0.06,-1.46,4.16,4.176,4.198,166101.18,176501.27,201945.96
2019-06-03,4.13,4.15,4.1,4.09,171653.36,-0.02,-0.48,4.198,4.195,4.209,177112.98,178517.92,206045.01
2019-05-31,4.2,4.24,4.22,4.2,153579.69,0.0,0.0,4.222,4.201,4.216,181601.16,181884.09,227742.51
2019-05-30,4.23,4.23,4.22,4.2,156261.0,0.0,0.0,4.208,4.197,4.232,177702.91,194012.65,235099.22
2019-05-29,4.21,4.25,4.22,4.2,169144.84,-0.01,-0.24,4.196,4.205,4.246,186007.31,207906.85,251866.97
2019-05-28,4.21,4.29,4.23,4.2,234926.0,0.01,0.24,4.192,4.207,4.267,186901.37,210486.95,273387.37
2019-05-27,4.16,4.24,4.22,4.14,194094.28,0.07,1.69,4.192,4.201,4.298,179922.87,208524.41,286106.3
2019-05-24,4.14,4.17,4.15,4.13,134088.41,-0.01,-0.24,4.18,4.201,4.339,182167.01,204819.72,290446.42
2019-05-23,4.2,4.21,4.16,4.14,197783.0,-0.04,-0.95,4.186,4.214,4.384,210322.38,221616.86,299575.16
2019-05-22,4.23,4.28,4.2,4.19,173615.14,-0.03,-0.71,4.214,4.218,4.429,229806.39,220755.72,306651.24
2019-05-21,4.15,4.24,4.23,4.15,200033.5,0.07,1.68,4.222,4.219,4.477,234072.53,227390.65,318427.93
2019-05-20,4.19,4.19,4.16,4.12,205315.0,-0.02,-0.48,4.21,4.222,4.52,237125.95,233572.09,324069.53
2019-05-17,4.3,4.31,4.18,4.16,274865.28,-0.12,-2.79,4.222,4.23,4.569,227472.42,273600.94,335604.66
2019-05-16,4.24,4.33,4.3,4.23,295203.03,0.06,1.42,4.242,4.267,4.617,232911.33,276185.8,354612.57
2019-05-15,4.19,4.25,4.24,4.18,194945.84,0.07,1.68,4.222,4.287,4.656,211705.06,295827.1,398924.97
2019-05-14,4.17,4.2,4.17,4.15,215300.59,-0.05,-1.19,4.216,4.327,4.708,220708.77,336287.79,417446.48
2019-05-13,4.24,4.27,4.22,4.21,157047.36,-0.06,-1.4,4.234,4.394,4.768,230018.24,363688.2,433733.26
2019-05-10,4.21,4.31,4.28,4.19,302059.81,0.08,1.91,4.238,4.477,4.828,319729.46,376073.12,457611.19
2019-05-09,4.2,4.23,4.2,4.18,189171.69,-0.01,-0.24,4.292,4.553,4.889,319460.27,377533.47,489945.69
2019-05-08,4.19,4.26,4.21,4.15,239964.41,-0.05,-1.17,4.352,4.64,4.962,379949.13,392546.75,566341.14
2019-05-07,4.25,4.31,4.26,4.2,261847.91,0.02,0.47,4.438,4.734,5.022,451866.81,409465.22,599627.38
2019-05-06,4.46,4.46,4.24,4.15,605603.5,-0.31,-6.81,4.554,4.818,5.077,497358.17,414566.97,629193.32
2019-04-30,4.49,4.56,4.55,4.49,300713.84,0.05,1.11,4.716,4.907,5.13,432416.78,397608.37,633721.29
2019-04-29,4.63,4.65,4.5,4.48,491616.0,-0.14,-3.02,4.814,4.967,5.167,435606.67,433039.35,661624.78
2019-04-26,4.76,4.82,4.64,4.61,599552.81,-0.2,-4.13,4.928,5.024,5.198,405144.36,502022.85,662308.28
2019-04-25,5.04,5.04,4.84,4.83,489304.69,-0.21,-4.16,5.03,5.089,5.214,367063.62,498605.17,649799.2
2019-04-24,5.05,5.07,5.05,4.99,280896.56,0.01,0.2,5.082,5.141,5.225,331775.78,503778.33,641072.61
2019-04-23,5.06,5.11,5.04,5.03,316663.31,-0.03,-0.59,5.098,5.179,5.223,362799.96,539149.25,652410.45
2019-04-22,5.16,5.17,5.07,5.06,339304.44,-0.08,-1.55,5.12,5.225,5.228,430472.02,602357.9,661242.03
2019-04-19,5.1,5.15,5.15,5.04,409149.12,0.05,0.98,5.12,5.284,5.239,598901.33,740135.53,671011.31
2019-04-18,5.13,5.15,5.1,5.09,312865.47,-0.03,-0.58,5.148,5.309,5.246,630146.72,789789.53,680930.58
2019-04-17,5.16,5.16,5.13,5.11,436017.44,-0.02,-0.39,5.2,5.335,5.258,675780.87,843819.67,700062.91
2019-04-16,5.03,5.15,5.15,5.0,655023.62,0.08,1.58,5.26,5.352,5.265,715498.55,869834.21,713579.08
2019-04-15,5.22,5.23,5.07,5.06,1181451.0,-0.22,-4.16,5.33,5.366,5.275,774243.79,890210.21,725909.93
2019-04-12,5.31,5.34,5.29,5.24,565376.06,-0.07,-1.31,5.448,5.371,5.28,881369.74,822593.71,688702.75
2019-04-11,5.46,5.46,5.36,5.33,541036.25,-0.07,-1.29,5.47,5.339,5.271,949432.35,800993.22,685324.85
2019-04-10,5.5,5.5,5.43,5.38,634605.81,-0.07,-1.27,5.47,5.308,5.26,1011858.47,778366.89,683354.53
2019-04-09,5.61,5.62,5.5,5.43,948749.81,-0.16,-2.83,5.444,5.266,5.252,1024169.86,765671.66,688815.19
2019-04-08,5.44,5.71,5.66,5.41,1717080.75,0.26,4.82,5.402,5.231,5.237,1006176.64,720126.15,666447.17
2019-04-04,5.37,5.49,5.4,5.35,905689.12,0.04,0.75,5.294,5.193,5.209,763817.69,601887.08,628336.78
2019-04-03,5.29,5.39,5.36,5.27,853166.88,0.06,1.13,5.208,5.182,5.21,652554.1,572071.63,637413.0
2019-04-02,5.29,5.31,5.3,5.23,696162.75,0.01,0.19,5.146,5.18,5.211,544875.31,556306.14,656069.38
2019-04-01,5.16,5.34,5.29,5.15,858783.69,0.17,3.32,5.088,5.178,5.208,507173.45,557323.96,651233.39
2019-03-29,4.97,5.14,5.12,4.96,505286.0,0.15,3.02,5.06,5.184,5.205,434075.66,561609.65,657813.02
2019-03-28,5.03,5.03,4.97,4.97,349371.16,-0.08,-1.58,5.092,5.188,5.209,439956.47,554811.79,663423.48
2019-03-27,5.03,5.05,5.05,4.95,314772.97,0.04,0.8,5.156,5.203,5.217,491589.16,569656.48,670577.17
2019-03-26,5.15,5.18,5.01,5.0,507653.44,-0.14,-2.72,5.214,5.212,5.221,567736.97,588342.16,694631.79
2019-03-25,5.18,5.21,5.15,5.14,493294.72,-0.13,-2.46,5.268,5.237,5.229,607474.47,611958.73,744339.54
2019-03-22,5.29,5.29,5.28,5.2,534690.06,-0.01,-0.19,5.308,5.243,5.221,689143.64,612768.18,778226.32
2019-03-21,5.32,5.33,5.29,5.27,607534.62,-0.05,-0.94,5.284,5.224,5.194,669667.12,654786.48,770164.59
2019-03-20,5.28,5.35,5.34,5.22,695512.0,0.06,1.14,5.25,5.237,5.163,647723.79,702754.37,760511.46
2019-03-19,5.39,5.42,5.28,5.24,706340.94,-0.07,-1.31,5.21,5.242,5.134,608947.34,755832.61,742213.43
2019-03-18,5.16,5.37,5.35,5.16,901640.56,0.19,3.68,5.206,5.237,5.107,616442.99,745142.82,726032.85
2019-03-15,5.14,5.2,5.16,5.1,437307.47,0.04,0.78,5.178,5.225,5.077,536392.73,754016.4,704367.02
2019-03-14,5.11,5.22,5.12,5.07,497818.0,-0.02,-0.39,5.164,5.229,5.052,639905.85,772035.17,701887.51
2019-03-13,5.26,5.26,5.14,5.11,501629.75,-0.12,-2.28,5.224,5.23,5.032,757784.95,771497.87,699149.56
2019-03-12,5.28,5.33,5.26,5.2,743819.19,0.05,0.96,5.274,5.23,5.01,902717.88,800921.43,695316.15
2019-03-11,5.09,5.22,5.21,5.09,501389.25,0.12,2.36,5.268,5.221,4.98,873842.65,876720.35,678416.0
2019-03-08,5.34,5.36,5.09,5.08,954873.06,-0.33,-6.09,5.272,5.198,4.952,971640.06,943684.46,678177.17
2019-03-07,5.4,5.57,5.42,5.31,1087213.5,0.03,0.56,5.294,5.163,4.922,904164.49,885542.69,644584.75
2019-03-06,5.26,5.46,5.39,5.25,1226294.38,0.16,3.06,5.236,5.089,4.873,785210.79,818268.55,607344.38
2019-03-05,5.21,5.25,5.23,5.14,599443.06,0.0,0.0,5.186,5.025,4.827,699124.99,728594.24,564219.34
2019-03-04,5.25,5.33,5.23,5.2,990376.31,0.03,0.58,5.174,4.976,4.788,879598.05,706922.87,550747.64
2019-03-01,5.15,5.23,5.2,5.12,617495.19,0.07,1.36,5.124,4.929,4.746,915728.87,654717.65,513679.48
2019-02-28,5.15,5.17,5.13,5.07,492445.0,-0.01,-0.2,5.032,4.874,4.705,866920.88,631739.86,494083.37
2019-02-27,5.13,5.24,5.14,5.07,795865.38,-0.03,-0.58,4.942,4.834,4.666,851326.31,626801.26,477791.25
2019-02-26,4.98,5.42,5.17,4.89,1501808.38,0.19,3.81,4.864,4.79,4.627,758063.49,589710.87,448150.96
2019-02-25,4.78,4.99,4.98,4.75,1171030.38,0.24,5.06,4.778,4.738,4.587,534247.69,480111.65,388331.99
2019-02-22,4.69,4.74,4.74,4.66,373455.28,0.06,1.28,4.734,4.705,4.562,393706.44,412669.88,348653.22
2019-02-21,4.76,4.77,4.68,4.64,414472.12,-0.07,-1.47,4.716,4.681,4.55,396558.84,403626.82,362639.12
2019-02-20,4.73,4.8,4.75,4.72,329551.31,0.01,0.21,4.726,4.657,4.534,402276.21,396420.22,360440.91
2019-02-19,4.78,4.81,4.74,4.72,382729.38,-0.02,-0.42,4.716,4.629,4.514,421358.25,399844.44,354777.2
2019-02-18,4.68,4.76,4.76,4.67,468324.09,0.11,2.37,4.698,4.599,4.494,425975.61,394572.41,347043.82
2019-02-15,4.71,4.72,4.65,4.62,387717.28,-0.08,-1.69,4.676,4.562,4.473,431633.32,372641.31,343647.3
2019-02-14,4.69,4.81,4.73,4.68,443058.97,0.03,0.64,4.646,4.535,4.454,410694.81,356426.88,332606.66
2019-02-13,4.65,4.73,4.7,4.62,424961.53,0.05,1.07,4.588,4.498,4.43,390564.24,328781.24,320274.28
2019-02-12,4.64,4.66,4.65,4.59,405816.19,0.0,0.0,4.542,4.464,4.409,378330.64,306591.05,317288.85
2019-02-11,4.55,4.66,4.65,4.55,496612.62,0.15,3.33,4.5,4.436,4.39,363169.22,296552.32,305981.49
2019-02-01,4.48,4.52,4.5,4.45,283024.72,0.06,1.35,4.448,4.419,4.372,313649.29,284636.57,299368.45
2019-01-31,4.42,4.49,4.44,4.38,342406.12,-0.03,-0.67,4.424,4.418,4.359,302158.96,321651.42,301092.08
2019-01-30,4.43,4.53,4.47,4.4,363793.53,0.03,0.68,4.408,4.411,4.346,266998.24,324461.61,295204.83
2019-01-29,4.4,4.44,4.44,4.31,330009.09,0.05,1.14,4.386,4.398,4.329,234851.46,309709.95,285066.92
2019-01-28,4.42,4.45,4.39,4.38,249013.0,0.01,0.23,4.372,4.389,4.314,229935.42,299515.24,276848.57
2019-01-25,4.38,4.44,4.38,4.38,225573.05,0.02,0.46,4.39,4.383,4.302,255623.85,314653.3,274583.12
2019-01-24,4.38,4.39,4.36,4.33,166602.52,0.0,0.0,4.412,4.372,4.292,341143.89,308786.45,270738.27
2019-01-23,4.35,4.39,4.36,4.32,203059.66,-0.01,-0.23,4.414,4.361,4.285,381924.98,311767.33,276144.63
2019-01-22,4.46,4.47,4.37,4.36,305428.88,-0.11,-2.46,4.41,4.353,4.284,384568.43,327986.66,272524.21
2019-01-21,4.49,4.49,4.48,4.45,377455.12,-0.01,-0.22,4.406,4.343,4.283,369095.05,315410.66,269951.01
2019-01-18,4.37,4.55,4.49,4.37,653173.25,0.12,2.75,4.376,4.324,4.28,373682.76,314100.33,258201.66
2019-01-17,4.35,4.43,4.37,4.33,370507.97,0.03,0.69,4.332,4.3,4.277,276429.01,280532.73,232249.29
2019-01-16,4.35,4.35,4.34,4.31,216276.95,-0.01,-0.23,4.308,4.28,4.282,241609.67,265948.04,223584.4
2019-01-15,4.32,4.36,4.35,4.31,228061.95,0.02,0.46,4.296,4.26,4.292,271404.88,260423.9,219979.56
2019-01-14,4.29,4.38,4.33,4.27,400393.69,0.06,1.41,4.28,4.239,4.301,261726.27,254181.91,224596.29
2019-01-11,4.26,4.29,4.27,4.23,166904.48,0.02,0.47,4.272,4.221,4.312,254517.89,234512.93,219801.37
2019-01-10,4.28,4.3,4.25,4.23,196411.3,-0.03,-0.7,4.268,4.211,4.325,284636.45,232690.09,218668.84
2019-01-09,4.26,4.36,4.28,4.26,365252.97,0.01,0.23,4.252,4.208,4.338,290286.41,240521.94,219462.63
2019-01-08,4.27,4.29,4.27,4.25,179668.91,-0.02,-0.47,4.224,4.214,4.351,249442.92,217061.76,209999.34
2019-01-07,4.26,4.3,4.29,4.23,364351.81,0.04,0.94,4.198,4.222,4.368,246637.55,224491.36,209024.94
2019-01-04,4.13,4.26,4.25,4.11,317497.25,0.08,1.92,4.17,4.235,4.382,214507.96,202302.98,202561.94
2019-01-03,4.16,4.2,4.17,4.13,224661.12,0.03,0.72,4.154,4.254,4.404,180743.73,183965.85,200288.32
2019-01-02,4.18,4.19,4.14,4.12,161035.5,0.0,0.0,4.164,4.284,4.432,190757.48,181220.75,205275.67
2018-12-28,4.16,4.18,4.14,4.12,165642.05,-0.01,-0.24,4.204,4.324,4.459,184680.6,179535.22,214754.62
2018-12-27,4.23,4.24,4.15,4.15,203703.88,-0.02,-0.48,4.246,4.362,4.481,202345.18,195010.67,214115.14
2018-12-26,4.2,4.24,4.17,4.17,148676.11,-0.05,-1.19,4.3,4.402,4.501,190098.01,205089.82,213709.5
2018-12-25,4.3,4.3,4.22,4.16,274729.84,-0.12,-2.77,4.354,4.438,4.525,187187.97,204647.59,217614.72
2018-12-24,4.33,4.36,4.34,4.31,130651.13,-0.01,-0.23,4.404,4.468,4.543,171684.02,198403.31,212888.4
2018-12-21,4.41,4.41,4.35,4.33,253964.95,-0.07,-1.58,4.444,4.488,4.556,174389.85,202936.93,220593.06
2018-12-20,4.44,4.47,4.42,4.4,142468.0,-0.02,-0.45,4.478,4.513,4.573,187676.15,193558.51,226809.23
2018-12-19,4.48,4.49,4.44,4.43,134125.92,-0.03,-0.67,4.504,4.529,4.595,220081.63,202820.9,229475.37
2018-12-18,4.5,4.55,4.47,4.45,197210.09,-0.07,-1.54,4.522,4.553,4.619,222107.22,216610.8,247366.16
2018-12-17,4.5,4.54,4.54,4.48,144180.27,0.02,0.44,4.532,4.579,4.64,225122.61,229330.6,256793.3
2018-12-14,4.55,4.56,4.52,4.49,320396.47,-0.03,-0.66,4.532,4.593,4.665,231484.01,249974.01,271687.87
2018-12-13,4.53,4.6,4.55,4.51,304495.41,0.02,0.44,4.548,4.6,4.688,199440.88,233219.61,279547.82
2018-12-12,4.53,4.55,4.53,4.51,144253.84,0.01,0.22,4.554,4.6,4.711,185560.16,222329.18,284186.81
2018-12-11,4.55,4.56,4.52,4.49,212287.06,-0.02,-0.44,4.584,4.611,4.734,211114.38,230581.85,308421.19
2018-12-10,4.57,4.59,4.54,4.53,175987.28,-0.06,-1.3,4.626,4.618,4.754,233538.58,227373.48,320438.35
2018-12-07,4.58,4.61,4.6,4.57,160180.8,0.02,0.44,4.654,4.623,4.771,268464.01,238249.19,325579.79
2018-12-06,4.66,4.66,4.58,4.58,235091.84,-0.1,-2.14,4.652,4.632,4.781,266998.35,260059.95,329369.65
2018-12-05,4.65,4.71,4.68,4.61,272024.91,-0.05,-1.06,4.646,4.661,4.794,259098.19,256129.84,333114.74
2018-12-04,4.68,4.77,4.73,4.65,324408.09,0.05,1.07,4.638,4.684,4.805,250049.31,278121.52,335359.65
2018-12-03,4.73,4.76,4.68,4.66,350614.41,0.09,1.96,4.61,4.701,4.815,221208.38,284256.0,334424.27
2018-11-30,4.55,4.61,4.59,4.53,152852.5,0.04,0.88,4.592,4.736,4.829,208034.37,293401.73,340338.46
2018-11-29,4.66,4.67,4.55,4.55,195591.05,-0.09,-1.94,4.612,4.776,4.851,253121.55,325876.02,362959.68
2018-11-28,4.6,4.64,4.64,4.54,226780.52,0.05,1.09,4.676,4.822,4.869,253161.48,346044.45,378275.57
2018-11-27,4.63,4.65,4.59,4.57,180203.41,0.0,0.0,4.73,4.856,4.885,306193.72,386260.54,392488.15
2018-11-26,4.68,4.69,4.59,4.57,284744.38,-0.1,-2.13,4.792,4.89,4.899,347303.62,413503.23,401296.18
2018-11-23,4.87,4.88,4.69,4.67,378288.41,-0.18,-3.7,4.88,4.919,4.91,378769.08,412910.39,403233.55
2018-11-22,4.89,4.9,4.87,4.84,195790.69,-0.04,-0.81,4.94,4.929,4.922,398630.48,398679.36,412392.97
2018-11-21,4.83,4.98,4.91,4.8,491941.72,0.01,0.2,4.968,4.926,4.919,438927.42,410099.65,421346.27
2018-11-20,5.0,5.03,4.9,4.89,385752.88,-0.13,-2.58,4.982,4.925,4.916,466327.35,392597.78,415897.66
2018-11-19,4.99,5.03,5.03,4.94,442071.69,0.04,0.8,4.988,4.929,4.912,479702.83,384592.53,431515.53
2018-11-16,5.01,5.02,4.99,4.96,477595.41,-0.02,-0.4,4.958,4.922,4.912,447051.7,387275.2,446369.42
2018-11-15,4.97,5.01,5.01,4.94,397275.38,0.03,0.6,4.918,4.925,4.903,398728.24,400043.35,450093.97
2018-11-14,4.91,5.06,4.98,4.89,628941.38,0.05,1.01,4.884,4.916,4.888,381271.88,410506.68,449806.7
2018-11-13,4.83,4.95,4.93,4.81,452630.31,0.05,1.02,4.868,4.913,4.882,318868.2,398715.76,437866.16
2018-11-12,4.8,4.88,4.88,4.74,278816.03,0.09,1.88,4.87,4.908,4.875,289482.23,389089.14,446323.69
2018-11-09,4.85,4.85,4.79,4.78,235978.08,-0.05,-1.03,4.886,4.901,4.88,327498.7,393556.7,471950.46
2018-11-08,4.95,4.97,4.84,4.83,309993.59,-0.06,-1.22,4.932,4.914,4.903,401358.46,426106.58,487018.09
2018-11-07,4.93,4.98,4.9,4.89,316923.0,-0.04,-0.81,4.948,4.912,4.917,439741.48,432592.89,505712.07
2018-11-06,4.93,4.95,4.94,4.89,305700.47,-0.02,-0.4,4.958,4.906,4.947,478563.32,439197.55,517039.46
2018-11-05,5.01,5.01,4.96,4.9,468898.38,-0.06,-1.2,4.946,4.895,4.979,488696.05,478438.52,521432.44
2018-11-02,4.96,5.03,5.02,4.93,605276.88,0.1,2.03,4.916,4.901,5.007,459614.7,505463.63,525553.28
2018-11-01,4.97,4.98,4.92,4.91,501908.69,-0.03,-0.61,4.896,4.88,5.041,450854.7,500144.6,525450.63
2018-10-31,4.89,4.97,4.95,4.85,511032.16,0.07,1.43,4.876,4.86,5.076,425444.3,489106.73,526500.48
2018-10-30,4.78,4.93,4.88,4.72,356364.16,0.07,1.46,4.854,4.85,5.108,399831.78,477016.56,536916.81
2018-10-29,4.89,4.93,4.81,4.79,323491.59,-0.11,-2.24,4.844,4.841,5.143,468180.99,503558.23,565926.38
2018-10-26,4.87,5.04,4.92,4.87,561476.88,0.1,2.08,4.886,4.859,5.168,551312.57,550344.22,582785.03
2018-10-25,4.68,4.86,4.82,4.65,374856.72,-0.02,-0.41,4.864,4.892,5.178,549434.49,547929.61,585942.29
2018-10-24,4.79,4.91,4.84,4.78,382969.56,0.01,0.21,4.844,4.921,5.198,552769.15,578831.25,603689.27
2018-10-23,5.0,5.02,4.83,4.78,698110.19,-0.19,-3.79,4.846,4.987,5.215,554201.34,594881.37,629992.43
2018-10-22,4.83,5.08,5.02,4.83,739149.5,0.21,4.37,4.838,5.062,5.233,538935.47,564426.35,651565.84
2018-10-19,4.63,4.84,4.81,4.51,552086.5,0.09,1.91,4.832,5.113,5.282,549375.87,545642.92,667202.92
2018-10-18,4.82,4.83,4.72,4.7,391530.0,-0.13,-2.68,4.92,5.201,5.331,546424.72,550756.66,670264.66
2018-10-17,4.9,4.91,4.85,4.75,390130.53,0.06,1.25,4.998,5.291,5.386,604893.34,563894.23,687042.67
2018-10-16,4.99,5.06,4.79,4.76,621780.81,-0.2,-4.01,5.128,5.365,5.434,635561.39,596817.05,715920.33
2018-10-15,5.21,5.22,4.99,4.97,791351.5,-0.26,-4.95,5.286,5.444,5.472,589917.23,628294.53,708978.2
2018-10-12,5.07,5.28,5.25,5.07,537330.75,0.14,2.74,5.394,5.476,5.496,541909.97,615225.85,694150.21
2018-10-11,5.29,5.36,5.11,5.02,683873.12,-0.39,-7.09,5.482,5.464,5.508,555088.59,623954.98,704535.48
2018-10-10,5.61,5.64,5.5,5.47,543470.75,-0.08,-1.43,5.584,5.474,5.538,522895.11,628547.28,710019.94
2018-10-09,5.53,5.66,5.58,5.52,393560.03,0.05,0.9,5.602,5.443,5.55,558072.72,665103.49,720055.72
2018-10-08,5.57,5.67,5.53,5.52,551315.19,-0.16,-2.81,5.602,5.403,5.56,666671.84,738705.33,761699.09
2018-09-28,5.6,5.7,5.69,5.52,603223.88,0.07,1.25,5.558,5.45,5.558,688541.72,788762.93,772035.82
2018-09-27,5.62,5.73,5.62,5.6,522905.69,0.03,0.54,5.446,5.46,5.552,692821.36,789772.66,781007.64
2018-09-26,5.62,5.75,5.59,5.54,719358.81,0.01,0.18,5.364,5.48,5.546,734199.46,810191.11,799815.9
2018-09-25,5.35,5.65,5.58,5.35,936555.62,0.27,5.08,5.284,5.502,5.541,772134.26,835023.61,839560.36
2018-09-21,5.15,5.33,5.31,5.14,660664.62,0.18,3.51,5.204,5.499,5.563,810738.81,789661.87,819474.56
2018-09-20,5.19,5.26,5.13,5.12,624622.06,-0.08,-1.54,5.342,5.515,5.601,888984.14,773074.58,818684.49
2018-09-19,5.18,5.3,5.21,5.14,729796.19,0.02,0.39,5.474,5.552,5.654,886723.96,785115.98,816630.1
2018-09-18,5.0,5.22,5.19,4.92,909032.81,0.01,0.19,5.596,5.601,5.701,886182.76,791492.6,844627.24
2018-09-17,5.2,5.45,5.18,5.18,1129578.38,-0.58,-10.07,5.72,5.656,5.768,897912.96,775007.95,838168.03
2018-04-13,5.84,6.03,6.0,5.79,1051891.25,0.21,3.63,5.794,5.716,5.842,768584.92,784692.86,815634.24
2018-04-12,5.8,5.84,5.79,5.71,613321.19,-0.03,-0.52,5.688,5.665,5.875,657165.02,755308.7,817343.46
2018-04-11,5.93,5.96,5.82,5.79,727090.19,0.01,0.17,5.63,5.644,5.915,683507.99,772242.62,838777.08
2018-04-10,5.61,5.88,5.81,5.61,967683.81,0.26,4.68,5.606,5.611,5.96,696802.43,789440.68,868231.34
2018-04-09,5.47,5.58,5.55,5.47,482938.16,0.08,1.46,5.592,5.579,5.999,652102.93,844097.1,893973.68
2018-04-04,5.55,5.6,5.47,5.46,494791.75,-0.03,-0.55,5.638,5.626,6.059,800800.8,849287.26,925708.65
2018-04-03,5.56,5.62,5.5,5.45,745036.06,-0.2,-3.51,5.642,5.686,6.122,853452.39,864294.39,989258.04
2018-04-02,5.75,5.9,5.7,5.7,793562.38,-0.04,-0.7,5.658,5.756,6.201,860977.25,848144.22,1062800.99
2018-03-30,5.71,5.81,5.74,5.66,744186.31,-0.04,-0.69,5.616,5.8,6.241,882078.93,897761.88,1096662.91
2018-03-29,5.56,5.85,5.78,5.48,1226427.5,0.29,5.28,5.566,5.88,6.289,1036091.26,901328.11,1132291.73
2018-03-28,5.46,5.67,5.49,5.41,758049.69,-0.09,-1.61,5.614,5.967,6.353,897773.73,846575.62,1149686.98
2018-03-27,5.61,5.66,5.58,5.52,782660.38,0.09,1.64,5.73,6.085,6.436,875136.4,879378.21,1204106.13
2018-03-26,5.35,5.49,5.49,5.22,899070.75,0.0,0.0,5.854,6.185,6.501,835311.19,905311.54,1249158.5
2018-03-23,5.7,5.75,5.49,5.42,1514248.0,-0.53,-8.8,5.984,6.308,6.585,913444.84,947021.99,1317580.77
2018-03-22,6.11,6.14,6.02,6.01,534839.81,-0.05,-0.82,6.194,6.418,6.668,766564.96,943850.27,1360182.41
2018-03-21,6.23,6.27,6.07,6.04,644863.06,-0.13,-2.1,6.32,6.491,6.711,795377.51,1002130.04,1457001.66
2018-03-20,6.08,6.23,6.2,6.04,583534.31,0.06,0.98,6.44,6.557,6.743,883620.02,1114221.69,1539992.03
2018-03-19,6.43,6.43,6.14,6.13,1289739.0,-0.4,-6.12,6.516,6.645,6.737,975311.9,1277457.76,1565220.62
2018-03-16,6.69,6.75,6.54,6.54,779848.62,-0.11,-1.65,6.632,6.681,6.729,980599.15,1295563.94,1560399.71
2018-03-15,6.62,6.72,6.65,6.54,678902.56,-0.02,-0.3,6.642,6.698,6.693,1121135.57,1363255.35,1623873.78
2018-03-14,6.5,6.76,6.67,6.47,1086075.62,0.09,1.37,6.662,6.738,6.677,1208882.56,1452798.34,1668013.93
2018-03-13,6.7,6.8,6.58,6.56,1041993.69,-0.14,-2.08,6.674,6.786,6.656,1344823.36,1528834.06,1715331.78
2018-03-12,6.65,6.84,6.72,6.49,1316175.25,0.13,1.97,6.774,6.816,6.643,1579603.62,1593005.45,1782058.67
2018-03-09,6.71,6.75,6.59,6.44,1482530.75,-0.16,-2.37,6.73,6.861,6.648,1610528.72,1688139.55,1845438.83
2018-03-08,6.71,6.92,6.75,6.65,1117637.5,0.02,0.3,6.754,6.918,6.653,1605375.12,1776514.55,1921322.66
2018-03-07,6.98,7.03,6.73,6.66,1765779.62,-0.35,-4.94,6.814,6.931,6.631,1696714.12,1911873.27,2002710.88
2018-03-06,6.57,7.15,7.08,6.5,2215895.0,0.58,8.92,6.898,6.928,6.612,1712844.75,1965762.36,2063389.54
2018-03-05,6.71,6.82,6.5,6.38,1470800.75,-0.21,-3.13,6.858,6.829,6.566,1606407.27,1852983.47,2167167.71
2018-03-02,6.88,6.94,6.71,6.67,1456762.75,-0.34,-4.82,6.992,6.777,6.534,1765750.37,1825235.47,2120258.45
2018-03-01,7.03,7.27,7.05,6.93,1574332.5,-0.1,-1.4,7.082,6.687,6.465,1947653.97,1884492.21,2082458.86
2018-02-28,6.82,7.18,7.15,6.76,1846432.75,0.27,3.92,7.048,6.615,6.382,2127032.42,1883229.52,2056105.78
2018-02-27,7.26,7.28,6.88,6.86,1683707.62,-0.29,-4.04,6.958,6.526,6.289,2218679.97,1901829.5,1995424.01
2018-02-26,7.26,7.43,7.17,7.06,2267516.25,0.01,0.14,6.8,6.47,6.211,2099559.67,1971111.89,1947234.3
2018-02-23,6.87,7.18,7.16,6.72,2366280.75,0.28,4.07,6.562,6.434,6.118,1884720.57,2002738.11,1883097.93
2018-02-22,6.88,6.91,6.88,6.64,2471224.75,0.18,2.69,6.292,6.387,6.024,1821330.45,2066130.76,1814721.71
2018-02-14,6.1,6.7,6.7,6.09,2304670.5,0.61,10.02,6.182,6.331,5.941,1639426.62,2093548.49,1734422.12
2018-02-13,6.09,6.24,6.09,6.04,1088106.12,0.11,1.84,6.094,6.296,5.861,1584979.02,2161016.71,1646761.27
2018-02-12,5.89,6.03,5.98,5.83,1193320.75,0.17,2.93,6.14,6.302,5.808,1842664.1,2481351.95,1609193.26
2018-02-09,6.23,6.28,5.81,5.75,2049330.12,-0.52,-8.21,6.306,6.29,5.759,2120755.65,2415281.43,1590793.1
2018-02-08,6.23,6.45,6.33,6.17,1561705.62,0.07,1.12,6.482,6.242,5.727,2310931.07,2280425.51,1529656.32
2018-02-07,6.51,6.63,6.26,6.24,2032432.5,-0.06,-0.95,6.48,6.148,5.666,2547670.35,2228982.03,1473115.54
2018-02-06,6.62,6.76,6.32,6.26,2376531.5,-0.49,-7.2,6.498,6.051,5.611,2737054.4,2089018.53,1398619.63
2018-02-05,6.6,6.92,6.81,6.55,2583778.5,0.12,1.79,6.464,5.952,5.555,3120039.8,1923356.72,1306624.76
2018-02-02,6.3,6.82,6.69,6.12,3000207.25,0.37,5.85,6.274,5.801,5.474,2709807.21,1763457.75,1218991.41
2018-02-01,6.39,6.68,6.32,6.24,2745402.0,-0.03,-0.47,6.002,5.66,5.395,2249919.94,1563312.65,1090979.81
2018-01-31,6.08,6.42,6.35,6.05,2979352.75,0.2,3.25,5.816,5.55,5.336,1910293.71,1375295.76,984711.53
2018-01-30,6.21,6.45,6.15,6.12,4291458.5,0.29,4.95,5.604,5.426,5.273,1440982.65,1132505.82,863270.54
2018-01-29,5.86,5.86,5.86,5.86,532615.56,0.53,9.94,5.44,5.314,5.219,726673.64,737034.57,676325.49
2018-01-26,5.36,5.36,5.33,5.28,700770.88,-0.06,-1.11,5.328,5.227,5.174,817108.29,766304.77,666409.42
2018-01-25,5.33,5.42,5.39,5.27,1047270.88,0.1,1.89,5.318,5.212,5.155,876705.36,778887.14,653528.07
2018-01-24,5.33,5.35,5.29,5.22,632797.44,-0.04,-0.75,5.284,5.184,5.129,840297.81,717249.05,615385.38
2018-01-23,5.3,5.33,5.33,5.22,719913.44,0.03,0.57,5.248,5.17,5.106,824028.99,708220.72,593556.29
2018-01-22,5.3,5.39,5.3,5.27,984788.81,0.02,0.38,5.188,5.158,5.081,747395.49,689892.8,569329.28
2018-01-19,5.22,5.29,5.28,5.18,998756.25,0.06,1.15,5.126,5.147,5.061,715501.25,674525.07,528715.8
2018-01-18,5.12,5.28,5.22,5.1,865233.12,0.11,2.15,5.106,5.13,5.042,681068.92,618646.96,490871.58
2018-01-17,5.03,5.11,5.11,4.94,551453.31,0.08,1.59,5.084,5.122,5.024,594200.29,594127.29,460747.68
2018-01-16,5.01,5.06,5.03,4.98,336745.97,0.04,0.8,5.092,5.119,5.015,592412.46,594035.26,443307.88
2018-01-15,5.15,5.15,4.99,4.96,825317.62,-0.19,-3.67,5.128,5.124,5.01,632390.11,615616.41,440150.11
2018-01-12,5.11,5.29,5.18,5.11,826594.56,0.07,1.37,5.168,5.121,5.001,633548.88,566514.07,414298.11
2018-01-11,5.14,5.19,5.11,5.08,430889.97,-0.04,-0.78,5.154,5.097,4.988,556225.01,528169.0,381934.28
2018-01-10,5.18,5.23,5.15,5.09,542514.19,-0.06,-1.15,5.16,5.073,4.979,594054.3,513521.72,370296.83
2018-01-09,5.19,5.24,5.21,5.14,536634.19,0.02,0.39,5.146,5.042,4.968,595658.06,478891.85,354464.59
2018-01-08,5.1,5.25,5.19,5.09,831111.5,0.08,1.57,5.12,5.004,4.956,598842.71,448765.76,341925.71
2018-01-05,5.14,5.14,5.11,5.07,439975.19,-0.03,-0.58,5.074,4.975,4.943,499479.25,382906.53,319357.48
2018-01-04,5.06,5.18,5.14,5.03,620036.44,0.06,1.18,5.04,4.954,4.931,500112.98,363096.19,315100.54
2018-01-03,5.08,5.14,5.08,5.06,550533.0,0.0,0.0,4.986,4.925,4.922,432989.13,327368.07,322433.22
2018-01-02,4.97,5.09,5.08,4.96,552557.44,0.12,2.42,4.938,4.911,4.919,362125.63,292580.49,331052.42
2017-12-29,4.95,4.99,4.96,4.92,334294.19,0.02,0.41,4.888,4.895,4.925,298688.81,264683.82,331801.62
2017-12-28,4.86,4.96,4.94,4.84,443143.84,0.07,1.44,4.876,4.881,4.939,266333.8,262082.16,347078.5
2017-12-27,4.84,4.92,4.87,4.82,284417.19,0.03,0.62,4.868,4.878,4.954,226079.4,235699.57,363079.33
2017-12-26,4.83,4.85,4.84,4.79,196215.48,0.01,0.21,4.864,4.885,4.976,221747.0,227071.94,417049.73
2017-12-25,4.9,4.91,4.83,4.81,235373.34,-0.07,-1.43,4.884,4.893,4.983,223035.35,230037.34,428672.59
2017-12-22,4.91,4.93,4.9,4.89,172519.16,0.0,0.0,4.902,4.907,4.992,230678.83,235085.66,439411.44
2017-12-21,4.86,4.93,4.9,4.82,241871.84,0.05,1.03,4.886,4.911,4.997,257830.51,255808.43,455110.98
2017-12-20,4.92,4.94,4.85,4.83,262755.19,-0.09,-1.82,4.888,4.908,5.003,245319.74,267104.89,468438.43
2017-12-19,4.91,4.95,4.94,4.9,202657.2,0.02,0.41,4.906,4.919,5.013,232396.88,317498.37,482150.64
2017-12-18,4.87,4.93,4.92,4.83,273590.75,0.1,2.08,4.902,4.927,5.019,237039.33,369524.36,502114.46
2017-12-15,4.9,4.91,4.82,4.81,308277.56,-0.09,-1.83,4.912,4.954,5.026,239492.48,398919.43,519693.21
2017-12-14,4.95,4.95,4.91,4.89,179318.0,-0.03,-0.61,4.936,4.996,5.043,253786.35,432074.85,537311.18
2017-12-13,4.9,4.94,4.94,4.88,198140.88,0.02,0.41,4.928,5.029,5.055,288890.04,490459.09,569856.01
2017-12-12,4.97,5.02,4.92,4.92,225869.44,-0.05,-1.01,4.932,5.067,5.067,402599.86,607027.53,607027.53
2017-12-11,4.95,4.97,4.97,4.92,285856.53,0.03,0.61,4.952,5.083,5.083,502009.39,649378.42,649378.42
2017-12-08,4.84,4.97,4.94,4.83,379746.88,0.07,1.44,4.996,5.098,5.098,558346.37,694818.66,694818.66
2017-12-07,4.92,4.95,4.87,4.86,354836.47,-0.09,-1.81,5.056,5.12,5.12,610363.36,739828.92,739828.92
2017-12-06,4.96,4.98,4.96,4.84,766690.0,-0.06,-1.2,5.13,5.162,5.162,692028.14,803994.32,803994.32
2017-12-05,5.19,5.21,5.02,4.99,722917.06,-0.17,-3.28,5.202,5.202,5.202,811455.19,811455.19,811455.19
2017-12-04,5.27,5.34,5.19,5.18,567541.44,-0.05,-0.95,5.248,5.248,5.248,833589.72,833589.72,833589.72
2017-12-01,5.23,5.28,5.24,5.15,639831.81,0.0,0.0,5.267,5.267,5.267,922272.48,922272.48,922272.48
2017-11-30,5.33,5.37,5.24,5.23,763160.38,-0.08,-1.5,5.28,5.28,5.28,1063492.82,1063492.82,1063492.82
2017-11-29,5.2,5.39,5.32,5.18,1363825.25,0.13,2.5,5.32,5.32,5.32,1363825.25,1363825.25,1363825.25
